[
  {
    "": 0,
    "SurahNum": 1,
    "AyahNum": 1,
    "Ayah": "بسم الله الرحمن الرحيم"
  },
  {
    "": 1,
    "SurahNum": 1,
    "AyahNum": 2,
    "Ayah": "الحمد لله رب العالمين"
  },
  {
    "": 2,
    "SurahNum": 1,
    "AyahNum": 3,
    "Ayah": "الرحمن الرحيم"
  },
  {
    "": 3,
    "SurahNum": 1,
    "AyahNum": 4,
    "Ayah": "مالك يوم الدين"
  },
  {
    "": 4,
    "SurahNum": 1,
    "AyahNum": 5,
    "Ayah": "إياك نعبد وإياك نستعين"
  },
  {
    "": 5,
    "SurahNum": 1,
    "AyahNum": 6,
    "Ayah": "اهدنا الصراط المستقيم"
  },
  {
    "": 6,
    "SurahNum": 1,
    "AyahNum": 7,
    "Ayah": "صراط الذين أنعمت عليهم غير المغضوب عليهم ولا الضالين"
  },
  {
    "": 7,
    "SurahNum": 2,
    "AyahNum": 1,
    "Ayah": "بسم الله الرحمن الرحيم الم"
  },
  {
    "": 8,
    "SurahNum": 2,
    "AyahNum": 2,
    "Ayah": "ذلك الكتاب لا ريب فيه هدى للمتقين"
  },
  {
    "": 9,
    "SurahNum": 2,
    "AyahNum": 3,
    "Ayah": "الذين يؤمنون بالغيب ويقيمون الصلاة ومما رزقناهم ينفقون"
  },
  {
    "": 10,
    "SurahNum": 2,
    "AyahNum": 4,
    "Ayah": "والذين يؤمنون بما أنزل إليك وما أنزل من قبلك وبالآخرة هم يوقنون"
  },
  {
    "": 11,
    "SurahNum": 2,
    "AyahNum": 5,
    "Ayah": "أولئك على هدى من ربهم وأولئك هم المفلحون"
  },
  {
    "": 12,
    "SurahNum": 2,
    "AyahNum": 6,
    "Ayah": "إن الذين كفروا سواء عليهم أأنذرتهم أم لم تنذرهم لا يؤمنون"
  }
]
