[
  { "number": 1, "name": "الفاتحة", "englishName": "Al-Fatiha", "englishNameTranslation": "The Opening" },
  { "number": 2, "name": "البقرة", "englishName": "Al-Baqarah", "englishNameTranslation": "The Cow" },
  { "number": 3, "name": "آل عمران", "englishName": "Al-Imran", "englishNameTranslation": "The Family Of Imran" },
  { "number": 4, "name": "النساء", "englishName": "An-Nisa", "englishNameTranslation": "The Women" },
  { "number": 5, "name": "المائدة", "englishName": "Al-Maidah", "englishNameTranslation": "The Table Spread" },
  { "number": 6, "name": "الأنعام", "englishName": "Al-An'am", "englishNameTranslation": "The Cattle" },
  { "number": 7, "name": "الأعراف", "englishName": "Al-A'raf", "englishNameTranslation": "The Heights" },
  { "number": 8, "name": "الأنفال", "englishName": "Al-Anfal", "englishNameTranslation": "The Spoils of War" },
  { "number": 9, "name": "التوبة", "englishName": "At-Taubah", "englishNameTranslation": "The Repentance" },
  { "number": 10, "name": "يونس", "englishName": "Yunus", "englishNameTranslation": "Prophet Jonah" },
  { "number": 11, "name": "هود", "englishName": "Hud", "englishNameTranslation": "Prophet Hud" },
  { "number": 12, "name": "يوسف", "englishName": "Yusuf", "englishNameTranslation": "Prophet Joseph" },
  { "number": 13, "name": "الرعد", "englishName": "Ar-Rad", "englishNameTranslation": "The Thunder" },
  { "number": 14, "name": "إبراهيم", "englishName": "Ibrahim", "englishNameTranslation": "Prophet Abraham" },
  { "number": 15, "name": "الحجر", "englishName": "Al-Hijr", "englishNameTranslation": "The Rocky Tract" },
  { "number": 16, "name": "النحل", "englishName": "An-Nahl", "englishNameTranslation": "The Bee" },
  { "number": 17, "name": "الإسراء", "englishName": "Al-Isra", "englishNameTranslation": "The Night Journey" },
  { "number": 18, "name": "الكهف", "englishName": "Al-Kahf", "englishNameTranslation": "The Cave" },
  { "number": 19, "name": "مريم", "englishName": "Maryam", "englishNameTranslation": "Mary" },
  { "number": 20, "name": "طه", "englishName": "Ta-Ha", "englishNameTranslation": "Ta-Ha" },
  { "number": 21, "name": "الأنبياء", "englishName": "Al-Anbiya", "englishNameTranslation": "The Prophets" },
  { "number": 22, "name": "الحج", "englishName": "Al-Hajj", "englishNameTranslation": "The Pilgrimage" },
  { "number": 23, "name": "المؤمنون", "englishName": "Al-Mu'minun", "englishNameTranslation": "The Believers" },
  { "number": 24, "name": "النور", "englishName": "An-Noor", "englishNameTranslation": "The Light" },
  { "number": 25, "name": "الفرقان", "englishName": "Al-Furqan", "englishNameTranslation": "The Criterion" },
  { "number": 26, "name": "الشعراء", "englishName": "Ash-Shuara", "englishNameTranslation": "The Poets" },
  { "number": 27, "name": "النمل", "englishName": "An-Naml", "englishNameTranslation": "The Ants" },
  { "number": 28, "name": "القصص", "englishName": "Al-Qasas", "englishNameTranslation": "The Stories" },
  { "number": 29, "name": "العنكبوت", "englishName": "Al-Ankaboot", "englishNameTranslation": "The Spider" },
  { "number": 30, "name": "الروم", "englishName": "Ar-Room", "englishNameTranslation": "The Romans" },
  { "number": 31, "name": "لقمان", "englishName": "Luqman", "englishNameTranslation": "Luqman" },
  { "number": 32, "name": "السجدة", "englishName": "As-Sajda", "englishNameTranslation": "The Prostration" },
  { "number": 33, "name": "الأحزاب", "englishName": "Al-Ahzab", "englishNameTranslation": "The Coalition" },
  { "number": 34, "name": "سبإ", "englishName": "Saba", "englishNameTranslation": "Sheba" },
  { "number": 35, "name": "فاطر", "englishName": "Fatir", "englishNameTranslation": "Originator" },
  { "number": 36, "name": "يس", "englishName": "Ya-Seen", "englishNameTranslation": "Ya-Seen" },
  { "number": 37, "name": "الصافات", "englishName": "As-Saaffat", "englishNameTranslation": "Those Who Set The Ranks" },
  { "number": 38, "name": "ص", "englishName": "Sad", "englishNameTranslation": "The Letter Sad" },
  { "number": 39, "name": "الزمر", "englishName": "Az-Zumar", "englishNameTranslation": "The Companies" },
  { "number": 40, "name": "غافر", "englishName": "Gafir", "englishNameTranslation": "The Forgiver" },
  { "number": 41, "name": "فصلت", "englishName": "Fussilat", "englishNameTranslation": "Explained in Detail" },
  { "number": 42, "name": "الشورى", "englishName": "Ash-Shura", "englishNameTranslation": "Council" },
  { "number": 43, "name": "الزخرف", "englishName": "Az-Zukhruf", "englishNameTranslation": "The Ornaments of Gold" },
  { "number": 44, "name": "الدخان", "englishName": "Ad-Dukhan", "englishNameTranslation": "The Smoke" },
  { "number": 45, "name": "الجاثية", "englishName": "Al-Jasiyah", "englishNameTranslation": "The Kneeling" },
  { "number": 46, "name": "الأحقاف", "englishName": "Al-Ahqaf", "englishNameTranslation": "The Sandhills" },
  { "number": 47, "name": "محمد", "englishName": "Muhammad", "englishNameTranslation": "Muhammad" },
  { "number": 48, "name": "الفتح", "englishName": "Al-Fath", "englishNameTranslation": "The Victory" },
  { "number": 49, "name": "الحجرات", "englishName": "Al-Hujuraat", "englishNameTranslation": "The Apartments" },
  { "number": 50, "name": "ق", "englishName": "Qaf", "englishNameTranslation": "The Letter Qaf" },
  { "number": 51, "name": "الذاريات", "englishName": "Adh-Dhariyat", "englishNameTranslation": "The Scatterers" },
  { "number": 52, "name": "الطور", "englishName": "At-Tur", "englishNameTranslation": "The Mountain" },
  { "number": 53, "name": "النجم", "englishName": "An-Najm", "englishNameTranslation": "The Star" },
  { "number": 54, "name": "القمر", "englishName": "Al-Qamar", "englishNameTranslation": "The Moon" },
  { "number": 55, "name": "الرحمن", "englishName": "Ar-Rahman", "englishNameTranslation": "The Most Gracious" },
  { "number": 56, "name": "الواقعة", "englishName": "Al-Waqiah", "englishNameTranslation": "The Event" },
  { "number": 57, "name": "الحديد", "englishName": "Al-Hadid", "englishNameTranslation": "The Iron" },
  { "number": 58, "name": "المجادلة", "englishName": "Al-Mujadilah", "englishNameTranslation": "The Pleading Woman" },
  { "number": 59, "name": "الحشر", "englishName": "Al-Hashr", "englishNameTranslation": "The Banishment" },
  { "number": 60, "name": "الممتحنة", "englishName": "Al-Mumtahanah", "englishNameTranslation": "The Woman Who Is Examined" },
  { "number": 61, "name": "الصف", "englishName": "As-Saff", "englishNameTranslation": "The Ranks" },
  { "number": 62, "name": "الجمعة", "englishName": "Al-Jumua", "englishNameTranslation": "The Congregation - Friday" },
  { "number": 63, "name": "المنافقون", "englishName": "Al-Munafiqoon", "englishNameTranslation": "The Hypocrites" },
  { "number": 64, "name": "التغابن", "englishName": "At-Taghabun", "englishNameTranslation": "The Manifestation of Losses" },
  { "number": 65, "name": "الطلاق", "englishName": "At-Talaq", "englishNameTranslation": "Divorce" },
  { "number": 66, "name": "التحريم", "englishName": "At-Tahrim", "englishNameTranslation": "The Prohibition" },
  { "number": 67, "name": "الملك", "englishName": "Al-Mulk", "englishNameTranslation": "The Kingdom" },
  { "number": 68, "name": "القلم", "englishName": "Al-Qalam", "englishNameTranslation": "The Pen" },
  { "number": 69, "name": "الحاقة", "englishName": "Al-Haqqah", "englishNameTranslation": "The Sure Truth" },
  { "number": 70, "name": "المعارج", "englishName": "Al-Ma'arij", "englishNameTranslation": "The Ways of Ascent" },
  { "number": 71, "name": "نوح", "englishName": "Nuh", "englishNameTranslation": "Prophet Noah" },
  { "number": 72, "name": "الجن", "englishName": "Al-Jinn", "englishNameTranslation": "The Jinn" },
  { "number": 73, "name": "المزمل", "englishName": "Al-Muzzammil", "englishNameTranslation": "The One Covering Himself" },
  { "number": 74, "name": "المدثر", "englishName": "Al-Muddaththir", "englishNameTranslation": "The One Wrapping Himself Up" },
  { "number": 75, "name": "القيامة", "englishName": "Al-Qiyamah", "englishNameTranslation": "The Resurrection" },
  { "number": 76, "name": "الانسان", "englishName": "Al-Insan", "englishNameTranslation": "The Man" },
  { "number": 77, "name": "المرسلات", "englishName": "Al-Mursalaat", "englishNameTranslation": "Those sent forth" },
  { "number": 78, "name": "النبإ", "englishName": "An-Naba", "englishNameTranslation": "The News" },
  { "number": 79, "name": "النازعات", "englishName": "An-Naziat", "englishNameTranslation": "Those Who Pull Out" },
  { "number": 80, "name": "عبس", "englishName": "Abasa", "englishNameTranslation": "He Frowned" },
  { "number": 81, "name": "التكوير", "englishName": "At-Takwir", "englishNameTranslation": "The Overthrowing" },
  { "number": 82, "name": "الإنفطار", "englishName": "Al-Infitaar", "englishNameTranslation": "The Cleaving" },
  { "number": 83, "name": "المطففين", "englishName": "Al-Mutaffifin", "englishNameTranslation": "The Defrauding" },
  { "number": 84, "name": "الإنشقاق", "englishName": "Al-Inshiqaq", "englishNameTranslation": "The Splitting Asunder" },
  { "number": 85, "name": "البروج", "englishName": "Al-Burooj", "englishNameTranslation": "The Big Stars" },
  { "number": 86, "name": "الطارق", "englishName": "At-Tariq", "englishNameTranslation": "The Night Comer" },
  { "number": 87, "name": "الأعلى", "englishName": "Al-Ala", "englishNameTranslation": "The Most High" },
  { "number": 88, "name": "الغاشية", "englishName": "Al-Ghaashiyah", "englishNameTranslation": "The Overwhelming" },
  { "number": 89, "name": "الفجر", "englishName": "Al-Fajr", "englishNameTranslation": "The Dawn" },
  { "number": 90, "name": "البلد", "englishName": "Al-Balad", "englishNameTranslation": "The City" },
  { "number": 91, "name": "الشمس", "englishName": "Ash-Shams", "englishNameTranslation": "The Sun" },
  { "number": 92, "name": "الليل", "englishName": "Al-Lail", "englishNameTranslation": "The Night" },
  { "number": 93, "name": "الضحى", "englishName": "Ad-Duha", "englishNameTranslation": "The Early Hours" },
  { "number": 94, "name": "الشرح", "englishName": "Al-Inshirah", "englishNameTranslation": "The Opening Up" },
  { "number": 95, "name": "التين", "englishName": "At-Tin", "englishNameTranslation": "The Fig" },
  { "number": 96, "name": "العلق", "englishName": "Al-Alaq", "englishNameTranslation": "The Clot" },
  { "number": 97, "name": "القدر", "englishName": "Al-Qadr", "englishNameTranslation": "The Majesty" },
  { "number": 98, "name": "البينة", "englishName": "Al-Bayyinah", "englishNameTranslation": "The Clear Evidence" },
  { "number": 99, "name": "الزلزلة", "englishName": "Az-Zalzalah", "englishNameTranslation": "The Shaking" },
  { "number": 100, "name": "العاديات", "englishName": "Al-Adiyat", "englishNameTranslation": "The Assaulters" },
  { "number": 101, "name": "القارعة", "englishName": "Al-Qari'ah", "englishNameTranslation": "The Calamity" },
  { "number": 102, "name": "التكاثر", "englishName": "At-Takathur", "englishNameTranslation": "The Rivalry in World Increase" },
  { "number": 103, "name": "العصر", "englishName": "Al-Asr", "englishNameTranslation": "The Time" },
  { "number": 104, "name": "الهمزة", "englishName": "Al-Humazah", "englishNameTranslation": "The Slanderer" },
  { "number": 105, "name": "الفيل", "englishName": "Al-Fil", "englishNameTranslation": "The Elephant" },
  { "number": 106, "name": "قريش", "englishName": "Quraish", "englishNameTranslation": "Quraish" },
  { "number": 107, "name": "الماعون", "englishName": "Al-Maun", "englishNameTranslation": "Act of Kindness" },
  { "number": 108, "name": "الكوثر", "englishName": "Al-Kauthar", "englishNameTranslation": "The Abundance" },
  { "number": 109, "name": "الكافرون", "englishName": "Al-Kafirun", "englishNameTranslation": "The Disbelievers" },
  { "number": 110, "name": "النصر", "englishName": "An-Nasr", "englishNameTranslation": "The Help" },
  { "number": 111, "name": "المسد", "englishName": "Al-Masad", "englishNameTranslation": "The Palm Fiber" },
  { "number": 112, "name": "الإخلاص", "englishName": "Al-Ikhlas", "englishNameTranslation": "The Unity" },
  { "number": 113, "name": "الفلق", "englishName": "Al-Falaq", "englishNameTranslation": "The Dawn" },
  { "number": 114, "name": "الناس", "englishName": "An-Nas", "englishNameTranslation": "Mankind" }
]
